{"coverage": 100.0, "raw_data": {"meta": {"format": 2, "version": "7.4.4", "timestamp": "2024-04-05T11:32:43.196996", "branch_coverage": true, "show_contexts": false}, "files": {"powernap/__init__.py": {"executed_lines": [1, 3, 5, 6, 8, 11, 12, 15, 18, 19, 21, 33, 35, 36, 38, 39, 41, 63, 65, 66, 68, 69, 73, 74, 75, 76, 78, 81, 82, 83, 84, 86, 87, 89, 92, 93, 97, 98, 99, 100, 101, 104, 105, 106, 107, 108, 109, 111, 112, 114, 115, 117, 118, 120, 121, 124, 125, 126, 127, 129, 130, 131, 132, 133, 135, 136, 137, 141, 142, 143, 147, 148, 149, 153, 154, 155, 159, 160, 161, 165, 166, 167], "summary": {"covered_lines": 80, "num_statements": 80, "percent_covered": 94.89795918367346, "percent_covered_display": "95", "missing_lines": 0, "excluded_lines": 0, "num_branches": 18, "num_partial_branches": 5, "covered_branches": 13, "missing_branches": 5}, "missing_lines": [], "excluded_lines": [], "executed_branches": [[83, 84], [83, 86], [86, 87], [86, 89], [130, 131], [130, 132], [132, -132], [132, 132], [132, 133], [142, 147], [148, 153], [154, 159], [160, 165], [166, -124]], "missing_branches": [[142, 141], [148, 147], [154, 153], [160, 159], [166, 165]]}}, "totals": {"covered_lines": 80, "num_statements": 80, "percent_covered": 94.89795918367346, "percent_covered_display": "95", "missing_lines": 0, "excluded_lines": 0, "num_branches": 18, "num_partial_branches": 5, "covered_branches": 13, "missing_branches": 5}}, "coverage_path": "."}